{"cameraMode":{"drawMode":0,"name":"Shaded","section":"Shading Mode"},"sceneLighting":true,"audioPlay":false,"sceneViewState":{"showFog":true,"showMaterialUpdate":false,"showSkybox":true,"showFlares":true,"showImageEffects":true,"showParticleSystems":true},"in2DMode":false,"pivot":{"x":572.0612182617188,"y":209.90509033203126,"z":189.428466796875},"rotation":{"x":-0.10506181418895722,"y":0.029496461153030397,"z":-0.00333890481851995,"w":-0.9940226078033447},"size":1299.1990966796875,"orthographic":false}